<?xml version="1.0" encoding="UTF-8" standalone="yes"?>
<addon id="plugin.program.TwilightSparkle" name="TwilightSparkle Wizard" version="0.0.1" provider-name="UNICORN">
  <requires>
    <import addon="xbmc.python" version="2.1.0"/>
  </requires>
  <extension point="xbmc.python.pluginsource" library="default.py">
        <provides>program executable</provides>
  </extension>
  <extension point="xbmc.addon.metadata">
		<summary lang="en">TwilightSparkle</summary>
		<description lang="en">TwilightSparkle</description>
		<disclaimer lang="en">TwilightSparkle</disclaimer>
		<platform>all</platform>
		<facebook>xxx</facebook>
		<website>xxx</website>
	</extension>
</addon>
