<?xml version="1.0" encoding="UTF-8" standalone="yes"?>
<addon id="plugin.program.TwilightSparkle" name="[COLOR red]TwilightSparkle[/COLOR]" version="1.0.1" provider-name="anon">
  <requires>
    <import addon="xbmc.python" version="2.1.0"/>
  </requires>
  <extension point="xbmc.python.pluginsource" library="default.py">
    <provides>executable</provides>
  </extension>
  <extension point="xbmc.service" library="startup.py" start="startup" />
  <extension point="xbmc.addon.metadata">
    <summary lang="en">[COLOR red]TwilightSparkle[/COLOR] WIZARD</summary>
    <platform>all</platform>
  </extension>
</addon>
